{
  "TodoMVC React Checkbox": {
    "neural": {
      "avg": 19.274710035324098,
      "min": 18.920391082763672,
      "max": 19.522291660308838,
      "success_rate": 100.0
    },
    "playwright": {
      "avg": 0.8777013778686523,
      "min": 0.3226156234741211,
      "max": 3.0357162952423096,
      "success_rate": 100.0
    }
  },
  "reCAPTCHA VLM Solve": {
    "neural": {
      "avg": -1,
      "min": -1,
      "max": -1,
      "success_rate": 0.0
    },
    "playwright": {
      "avg": -1,
      "min": -1,
      "max": -1,
      "success_rate": 0.0
    }
  }
}